{
	"partitions" : [
		{
			"name" : "Top",
			"pins" : [
				{
					"name" : "res[0]",
					"strict" : false
				},
				{
					"name" : "res[1]",
					"strict" : false
				},
				{
					"name" : "res[2]",
					"strict" : false
				},
				{
					"name" : "res[3]",
					"strict" : false
				},
				{
					"name" : "res[4]",
					"strict" : false
				},
				{
					"name" : "res[5]",
					"strict" : false
				},
				{
					"name" : "res[6]",
					"strict" : false
				},
				{
					"name" : "res[7]",
					"strict" : false
				},
				{
					"name" : "op2[1]",
					"strict" : false
				},
				{
					"name" : "op1[7]",
					"strict" : false
				},
				{
					"name" : "op1[6]",
					"strict" : false
				},
				{
					"name" : "op2[0]",
					"strict" : false
				},
				{
					"name" : "op1[5]",
					"strict" : false
				},
				{
					"name" : "op1[4]",
					"strict" : false
				},
				{
					"name" : "op1[2]",
					"strict" : false
				},
				{
					"name" : "op1[0]",
					"strict" : false
				},
				{
					"name" : "op1[3]",
					"strict" : false
				},
				{
					"name" : "op1[1]",
					"strict" : false
				},
				{
					"name" : "op2[2]",
					"strict" : false
				},
				{
					"name" : "op2[7]",
					"strict" : false
				},
				{
					"name" : "op2[3]",
					"strict" : false
				},
				{
					"name" : "op2[4]",
					"strict" : false
				},
				{
					"name" : "op2[5]",
					"strict" : false
				},
				{
					"name" : "op2[6]",
					"strict" : false
				},
				{
					"name" : "operation[1]",
					"strict" : false
				},
				{
					"name" : "operation[0]",
					"strict" : false
				},
				{
					"name" : "operation[3]",
					"strict" : false
				},
				{
					"name" : "operation[2]",
					"strict" : false
				}
			]
		}
	]
}