{
	"partitions" : [
		{
			"name" : "Top",
			"pins" : [
				{
					"name" : "EnPC",
					"strict" : false
				},
				{
					"name" : "RI",
					"strict" : false
				},
				{
					"name" : "RegWr",
					"strict" : false
				},
				{
					"name" : "RegDst",
					"strict" : false
				},
				{
					"name" : "ALUSrc",
					"strict" : false
				},
				{
					"name" : "ALUOp[0]",
					"strict" : false
				},
				{
					"name" : "ALUOp[1]",
					"strict" : false
				},
				{
					"name" : "ALUOp[2]",
					"strict" : false
				},
				{
					"name" : "ALUOp[3]",
					"strict" : false
				},
				{
					"name" : "MemWr",
					"strict" : false
				},
				{
					"name" : "MemtoReg",
					"strict" : false
				},
				{
					"name" : "clk",
					"strict" : false
				},
				{
					"name" : "opcode[0]",
					"strict" : false
				},
				{
					"name" : "opcode[1]",
					"strict" : false
				},
				{
					"name" : "opcode[2]",
					"strict" : false
				},
				{
					"name" : "reset",
					"strict" : false
				},
				{
					"name" : "func[0]",
					"strict" : false
				},
				{
					"name" : "func[1]",
					"strict" : false
				},
				{
					"name" : "func[2]",
					"strict" : false
				},
				{
					"name" : "func[3]",
					"strict" : false
				}
			]
		}
	]
}